ID,NAME,DESIGNATION,DEPARTMENT,OVERALL_RATING,TOTAL_REVIEWS
1132,Dr. Hari Seetha,Professor HAG,School of Computer Science and Engineering (SCOPE),4.33 /5,0
1133,Dr. Soubhagya Sankar Barpanda,Associate Professor Grade 2,School of Computer Science and Engineering (SCOPE),3.38 /5,0
1134,N/A,,,N/A,0
1135,Dr. Saroj Kumar Panigrahy,"Associate-Dean, SCOPE, Professor Grade 1",School of Computer Science and Engineering (SCOPE),3.00 /5,0
1136,Dr. Maddikera Kalyan Chakravarthi,Associate Professor Grade 1,School of Electronics Engineering (SENSE),5.00 /5,0
1137,Dr. Ravi Sankar Barpanda,Associate Professor Grade 1,School of Computer Science and Engineering (SCOPE),5.00 /5,0
1138,Dr. E. Ajith Jubilson,Associate Professor Grade 2,School of Computer Science and Engineering (SCOPE),3.83 /5,0
1139,Dr. Hussain Syed,Associate Professor Senior,School of Computer Science and Engineering (SCOPE),5.00 /5,0
1140,Dr. John Pradeep D,Associate Professor Senior,School of Electronics Engineering (SENSE),3.50 /5,0
1141,Dr. Deepasikha Mishra,Associate Professor Grade 2,School of Computer Science and Engineering (SCOPE),3.00 /5,0
1142,Dr. Asish Kumar Dalai,Associate Professor Grade 1,School of Computer Science and Engineering (SCOPE),3.33 /5,0
1143,Dr. R. Nandha Kumar,Professor Grade 1,School of Computer Science and Engineering (SCOPE),3.00 /5,0
1144,Dr. Hari Kishan Kondaveeti,Associate Professor Grade 2,School of Computer Science and Engineering (SCOPE),5.00 /5,0
1145,Dr. Sibi Chakkaravarthy S,Professor Grade 1,School of Computer Science and Engineering (SCOPE),5.00 /5,0
1146,Dr. Sudhakar Ilango,"Dean, SCOPE, Professor Grade 1",School of Computer Science and Engineering (SCOPE),3.67 /5,0
1147,Dr. Aravapalli Rama Satish,Professor Grade 1,School of Computer Science and Engineering (SCOPE),2.67 /5,0
1148,Dr. Nagaraju Devarakonda,"Head, Dept. of Software and System Engineering, Professor Grade 1",School of Computer Science and Engineering (SCOPE),5.00 /5,0
1149,Dr. Nalluri Purnachand,Professor Grade 1,School of Electronics Engineering (SENSE),1.00 /5,0
1150,Dr. Jagadish Chandra Mudiganti,"Registrar, Professor HAG",School of Electronics Engineering (SENSE),1.50 /5,0
1151,Dr. S. Gopikrishnan,Associate Professor Grade 2,School of Computer Science and Engineering (SCOPE),5.00 /5,0
1152,Dr. Y. V. Pavan Kumar,Professor Grade 1,School of Electronics Engineering (SENSE),4.50 /5,0
1153,Dr. Harikiran Jonnadula,Professor Grade 1,School of Computer Science and Engineering (SCOPE),2.20 /5,0
1154,Dr. Ravindra Dhuli,Professor HAG,School of Electronics Engineering (SENSE),2.50 /5,0
1155,N/A,,,N/A,0
1156,Dr. Prabha Selvaraj,Professor Grade 1,School of Computer Science and Engineering (SCOPE),3.00 /5,0
1157,Dr. Deepak Ch,Professor Grade 1,School of Electronics Engineering (SENSE),3.00 /5,0
1158,Dr. Anoop Kumar Mishra,Professor Grade 1,School of Electronics Engineering (SENSE),3.00 /5,0
1159,Dr. Sameeulla Khan Md,Professor Grade 1,School of Electronics Engineering (SENSE),3.00 /5,0
1160,Dr. Arun Kumar Sinha,Associate Professor Grade 2,School of Electronics Engineering (SENSE),1.29 /5,0
1161,Dr. Jayendra Kumar,Professor Grade 1,School of Electronics Engineering (SENSE),4.50 /5,0
1162,Dr. Sandipan Maiti,Associate Professor Grade 1,School of Computer Science and Engineering (SCOPE),2.50 /5,0
1163,N/A,,,N/A,0
1164,Dr. Neha Gupta,Associate Professor Grade 1,School of Electronics Engineering (SENSE),5.00 /5,0
1165,Dr. Sudha Ellison Mathe,Professor Grade 1,School of Electronics Engineering (SENSE),3.75 /5,0
1166,Dr. Ganesh Reddy Karri,Associate Professor Senior,School of Computer Science and Engineering (SCOPE),3.33 /5,0
1167,Dr. Kumar Debasis,Associate Professor Grade 1,School of Computer Science and Engineering (SCOPE),3.00 /5,0
1168,Dr. Somya Ranjan Sahoo,Associate Professor Grade 1,School of Computer Science and Engineering (SCOPE),3.67 /5,0
1169,Dr. Vikash Kumar Singh,Associate Professor Grade 1,School of Computer Science and Engineering (SCOPE),5.00 /5,0
1170,Dr. Nuthakki Venkata Rajasekhar,Professor Grade 1,School of Electronics Engineering (SENSE),0.00 /5,0
1171,Dr. Sunny Dayal Vanambathina,Professor Grade 1,School of Electronics Engineering (SENSE),0.00 /5,0
1172,Dr. Senthil Murugan,Assistant Professor Senior Grade 1,School of Computer Science and Engineering (SCOPE),0.00 /5,0
1173,Dr. Samineni Peddakrishna,Associate Professor Grade 2,School of Electronics Engineering (SENSE),0.00 /5,0
1174,N/A,,,N/A,0
1175,Dr. Lalitha Kumari Pappala,Assistant Professor Senior Grade 2,School of Computer Science and Engineering (SCOPE),0.00 /5,0
1176,Dr. Pankaj Balkrishna Tambe,Professor HAG,School of Mechanical Engineering (SMEC),5.00 /5,0
1177,N/A,,,N/A,0
1178,N/A,,,N/A,0
1179,Dr. P. Kuppusamy,Professor Grade 1,School of Computer Science and Engineering (SCOPE),2.50 /5,0
1180,Dr. Rohit Lorenzo,Associate Professor Grade 2,School of Electronics Engineering (SENSE),3.00 /5,0
1181,N/A,,,N/A,0
1182,Dr. Sheela Jayachandran,Assistant Professor Senior Grade 2,School of Computer Science and Engineering (SCOPE),4.67 /5,0
1183,Dr. Udit Narayana Kar,Assistant Professor Senior Grade 2,School of Computer Science and Engineering (SCOPE),5.00 /5,0
1184,Dr. P S Rama Sreekanth,Professor HAG,School of Mechanical Engineering (SMEC),0.00 /5,0
1185,Dr. Karthika Natarajan,Assistant Professor Senior Grade 2,School of Computer Science and Engineering (SCOPE),3.00 /5,0
1186,Dr. Dilipkumar Mohanty,"Dean, SMEC, Professor Grade 1",School of Mechanical Engineering (SMEC),1.80 /5,0
1187,Dr. Chandan Kumar Pandey,Associate Professor Grade 1,School of Electronics Engineering (SENSE),3.00 /5,0
1188,N/A,,,N/A,0
1189,Dr. Ambuj Sharma,Professor Grade 1,School of Mechanical Engineering (SMEC),3.00 /5,0
1190,Dr. Bappadittya Roy,Associate Professor Grade 2,School of Electronics Engineering (SENSE),0.00 /5,0
1191,N/A,,,N/A,0
1192,Dr. Manoj Kumar Gupta,Professor Grade 1,School of Mechanical Engineering (SMEC),3.50 /5,0
1193,Dr. Agam Das Goswami,Associate Professor Grade 1,School of Electronics Engineering (SENSE),3.00 /5,0
1194,Dr. Monali Bordoloi,Assistant Professor Senior Grade 2,School of Computer Science and Engineering (SCOPE),3.50 /5,0
1195,Dr. Manikanta Ravindra Kumar Vakkalagadda,Professor Grade 1,School of Mechanical Engineering (SMEC),0.00 /5,0
1196,Dr. Lakhan Dev Sharma,Associate Professor Grade 2,School of Electronics Engineering (SENSE),5.00 /5,0
1197,Dr. Rajeev Sharma,Associate Professor Grade 2,School of Electronics Engineering (SENSE),3.50 /5,0
1198,Dr. Manomita Chakraborty,Assistant Professor Senior Grade 1,School of Computer Science and Engineering (SCOPE),3.00 /5,0
1199,N/A,,,N/A,0
1200,Dr. Reeja S R,"Head, Dept. of Artificial Intelligence and Machine Learning. Professor Grade 2",School of Computer Science and Engineering (SCOPE),0.00 /5,0
1201,Dr. Suyog Jhavar,Associate Professor Senior,School of Mechanical Engineering (SMEC),2.33 /5,0
1202,Dr. Gurumurthy Komanapalli,Associate Professor Grade 1,School of Electronics Engineering (SENSE),4.67 /5,0
1203,Dr. G.Muneeswari,"Head, Dept. of Data Science and Engineering, Professor Grade 2",School of Computer Science and Engineering (SCOPE),3.00 /5,0
1204,Dr. Dasari Venkata Lakshmi,Professor Grade 2,School of Computer Science and Engineering (SCOPE),0.00 /5,0
1205,Dr. Suseela Vappangi,Associate Professor Grade 1,School of Electronics Engineering (SENSE),5.00 /5,0
1206,Dr. Santosh Kumar Sahu,Associate Professor Grade 1,School of Mechanical Engineering (SMEC),0.00 /5,0
1207,N/A,,,N/A,0
1208,Dr. Subhasish Mahapatra,Associate Professor Grade 1,School of Electronics Engineering (SENSE),3.50 /5,0
1209,Dr. Khairnar Vikas Vishnu,Associate Professor Grade 1,School of Electronics Engineering (SENSE),3.33 /5,0
1210,Dr. Afzal Hussain Shahid,Assistant Professor Senior Grade 1,School of Computer Science and Engineering (SCOPE),0.00 /5,0
1211,Dr. Boggarapu Vasavi,Assistant Professor Research,School of Mechanical Engineering (SMEC),0.00 /5,0
1212,N/A,,,N/A,0
1213,N/A,,,N/A,0
1214,Dr. Chandu D S,Associate Professor Grade 1,School of Electronics Engineering (SENSE),5.00 /5,0
1215,Dr. Bolem Sai Chandana,Associate Professor Grade 2,School of Computer Science and Engineering (SCOPE),3.00 /5,0
1216,Dr. Arindam Dey,Associate Professor Grade 2,School of Computer Science and Engineering (SCOPE),0.00 /5,0
1217,Dr. Chandan Nayak,Assistant Professor Senior Grade 2,School of Electronics Engineering (SENSE),4.40 /5,0
1218,Dr. Kishor E,Assistant Professor Senior Grade 2,School of Mechanical Engineering (SMEC),3.00 /5,0
1219,Dr.M Azees,Associate Professor Grade 2,School of Computer Science and Engineering (SCOPE),0.00 /5,0
1220,Dr. Rasheda Parveen,Assistant Professor Senior Grade 2,School of Social Science and Humanities (VISH),2.50 /5,0
1221,Dr. Rajesh Duvvuru,Assistant Professor Senior Grade 1,School of Computer Science and Engineering (SCOPE),2.67 /5,0
1222,N/A,,,N/A,0
1223,Dr. Benarji Chakka,"Dean, VSL, Professor Grade 2",School of Law (VSL),0.00 /5,0
1224,Dr. Beebi Naseeba,Assistant Professor Senior Grade 1,School of Computer Science and Engineering (SCOPE),3.00 /5,0
1225,Ms. CH. Amrita Gulshan,Assistant Professor Grade-2,School of Law (VSL),0.00 /5,0
1226,Dr. Eswaraiah Rayachoti,Professor Grade 1,School of Computer Science and Engineering (SCOPE),3.00 /5,0
1227,Mr. Avin Tiwari,Assistant Professor Grade 2,School of Law (VSL),0.00 /5,0
1228,Mr. Pranav Anand Ojha,Assistant Professor,School of Law (VSL),0.00 /5,0
1229,N/A,,,N/A,0
1230,Ms. Kirtika Sahu,Assistant Professor,School of Law (VSL),0.00 /5,0
1231,N/A,,,N/A,0
1232,Dr. Pradosh Ranjan Sahoo,Associate Professor Grade 1,School of Electronics Engineering (SENSE),4.00 /5,0
1233,N/A,,,N/A,0
1234,Dr. Nagendra Panini Challa,Associate Professor Grade 1,School of Computer Science and Engineering (SCOPE),4.50 /5,0
1235,Ms. Kshama Pandey,Assistant Professor,School of Law (VSL),0.00 /5,0
1236,Dr. Ananthu S Hari,Assistant Professor Senior Grade 1,School of Law (VSL),0.00 /5,0
1237,Dr. Siddique Ibrahim Peer Mohamed,Assistant Professor Senior Grade 2,School of Computer Science and Engineering (SCOPE),5.00 /5,0
1238,Dr. Selva Kumar S,Assistant Professor Senior Grade 2,School of Computer Science and Engineering (SCOPE),2.50 /5,0
1239,Dr. Atul Shankar Mani Tripathi,Associate Professor Grade 1,School of Electronics Engineering (SENSE),0.00 /5,0
1240,Ms. Malavika Ganta,Assistant Professor Grade 1,School of Law (VSL),1.00 /5,0
1241,N/A,,,N/A,0
1242,N/A,,,N/A,0
1243,N/A,,,N/A,0
1244,Dr. Naga Jagadesh Bommagani,Professor Grade 1,School of Computer Science and Engineering (SCOPE),5.00 /5,0
1245,Dr. Ajay Dagar,Assistant Professor Senior Grade 1,School of Electronics Engineering (SENSE),5.00 /5,0
1246,Dr. Siva Ramakrishna P,Assistant Professor Senior Grade 1,School of Electronics Engineering (SENSE),0.00 /5,0
1247,Dr. Prashanth Rajam,Assistant Professor Senior Grade 2,School of Computer Science and Engineering (SCOPE),3.75 /5,0
1248,Dr. Praveen Maurya,Assistant Professor Senior Grade 2,School of Electronics Engineering (SENSE),1.50 /5,0
1249,Dr. G. Bharath Reddy,Assistant Professor Senior Grade 1,School of Electronics Engineering (SENSE),5.00 /5,0
1250,N/A,,,N/A,0
1251,Dr. Tannistha Dasgupta,Assistant Professor Senior Grade 2,School of Social Science and Humanities (VISH),3.00 /5,0
1252,Dr. Khasim Syed,Associate Professor Grade 1,School of Computer Science and Engineering (SCOPE),5.00 /5,0
1253,Dr. Chirra Venkata Ramireddy,Assistant Professor Senior Grade 2,School of Computer Science and Engineering (SCOPE),3.75 /5,0
1254,N/A,,,N/A,0
1255,Dr. Y Narasimha Rao,Professor Grade 1,School of Computer Science and Engineering (SCOPE),1.00 /5,0
1256,Dr. Sudesh Manger,Assistant Professor Senior Grade 1,School of Social Science and Humanities (VISH),1.00 /5,0
1257,Dr. Rakhi N K,Assistant Professor Senior Grade 1,School of Social Science and Humanities (VISH),0.00 /5,0
1258,Dr. Ashish Gupta,Associate Professor Grade 2,School of Electronics Engineering (SENSE),0.00 /5,0
1259,Dr. M M Venkata Chalapathi,Assistant Professor Senior Grade 2,School of Computer Science and Engineering (SCOPE),5.00 /5,0
1260,Dr. M. Sucharitha,Associate Professor Grade 2,School of Electronics Engineering (SENSE),4.50 /5,0
1261,Dr. Pragya Sengupta,Assistant Professor Grade 1,School of Social Science and Humanities (VISH),0.00 /5,0
1262,Dr. Neeraj Kumar Misra,Associate Professor Grade 2,School of Electronics Engineering (SENSE),3.75 /5,0
1263,Ms. Kanaka Himabindu P.,Assistant Professor,School of Social Science and Humanities (VISH),0.00 /5,0
1264,Dr. Kareemulla Shaik,Assistant Professor Senior Grade 2,School of Computer Science and Engineering (SCOPE),3.75 /5,0
1265,Dr. Raghavi R. K.,Assistant Professor Senior Grade 1,School of Social Science and Humanities (VISH),0.00 /5,0
1266,Dr. Chandan Vishwas,Assistant Professor Grade 2,School of Social Science and Humanities (VISH),2.00 /5,0
1267,Dr. Abdul Kayom Md Khairuzzaman,Assistant Professor Senior Grade 2,School of Electronics Engineering (SENSE),3.00 /5,0
1268,Dr. Deepjoy Katuwal,Assistant Professor Senior Grade 1,School of Social Science and Humanities (VISH),4.00 /5,0
1269,Dr. Radha Mohan Pattanayak,Assistant Professor Senior Grade 2,School of Computer Science and Engineering (SCOPE),2.00 /5,0
1270,Dr. Arenkala Kichu,Assistant Professor Grade 1,School of Social Science and Humanities (VISH),5.00 /5,0
1271,Dr. Saladi Saritha,Associate Professor Grade 1,School of Electronics Engineering (SENSE),2.67 /5,0
1272,Dr. Renuprasad Hemkiran Patki,Assistant Professor Grade 1,School of Social Science and Humanities (VISH),3.00 /5,0
1273,Dr. Anamika Lata,Assistant Professor Senior Grade 2,School of Electronics Engineering (SENSE),0.00 /5,0
1274,Dr. Priyanka Ghosh,"Dean In-Charge, VISH, Assistant Professor Senior Grade 2",School of Social Science and Humanities (VISH),0.00 /5,0
1275,Dr. Ankita Swetaparna,Assistant Professor Grade 2,School of Social Science and Humanities (VISH),4.20 /5,0
1276,Dr.Anil Vitthalrao Turukmane,"Head, Dept. of Networking and Security, Professor Grade 1",School of Computer Science and Engineering (SCOPE),5.00 /5,0
1277,Dr. Manish Kumar Singh,Associate Professor Grade 1,School of Electronics Engineering (SENSE),3.00 /5,0
1278,Dr. Suresh Jagannadham,Assistant Professor Senior Grade 2,School of Social Science and Humanities (VISH),2.50 /5,0
1279,Dr. Balasingh V,Assistant Professor Grade 2,School of Social Science and Humanities (VISH),3.00 /5,0
1280,Dr. Ameet Chavan,Professor Grade 1,School of Electronics Engineering (SENSE),0.00 /5,0
1281,Dr. Mahi S Thavarathu,Assistant Professor Grade 1,School of Social Science and Humanities (VISH),4.67 /5,0
1282,N/A,,,N/A,0
1283,Dr. Anindita Shome,Assistant Professor Grade 1,School of Social Science and Humanities (VISH),5.00 /5,0
1284,Dr. Deepthi Godavarthi,Assistant Professor Senior Grade 1,School of Computer Science and Engineering (SCOPE),5.00 /5,0
1285,Dr. Srinivas S,"Dean, SAS, Professor HAG",School of Advanced Science (SAS),0.00 /5,0
1286,Dr. Debanjali Sarkar,Assistant Professor Senior Grade 1,School of Electronics Engineering (SENSE),3.00 /5,0
1287,Dr. Vemula Ramakrishna Reddy,"Head, Dept. of Mathematics, Associate Professor Grade 1",School of Advanced Science (SAS),3.00 /5,0
1288,Dr. Ch. Naresh,Assistant Professor Senior Grade 1,School of Electronics Engineering (SENSE),5.00 /5,0
1289,Dr. Srinivasa Reddy Konda,Professor Grade 1,School of Computer Science and Engineering (SCOPE),4.00 /5,0
1290,Dr. Shubhra Ghoshal,Assistant Professor Grade 1,School of Social Science and Humanities (VISH),5.00 /5,0
1291,Dr. M. Krishnasamy,Associate Professor Grade 1,School of Electronics Engineering (SENSE),3.67 /5,0
1292,Dr. Sudhakar M,Associate Professor Grade 2,School of Advanced Science (SAS),3.50 /5,0
1293,N/A,,,N/A,0
1294,Dr. Neelima Adapa,Assistant Professor Grade 1,School of Social Science and Humanities (VISH),3.00 /5,0
1295,Dr. K N V P S Rajesh,Associate Professor Grade 2,School of Electronics Engineering (SENSE),3.50 /5,0
1296,Dr. Sayyed Faizan Ali,Assistant Professor Senior Grade 1,School of Electronics Engineering (SENSE),0.00 /5,0
1297,Dr. Bharathi V C,Professor Grade 1,School of Computer Science and Engineering (SCOPE),5.00 /5,0
1298,Dr. Dheeraj Kumar,Assistant Professor Grade 1,School of Social Science and Humanities (VISH),3.00 /5,0
1299,N/A,,,N/A,0
1300,N/A,,,N/A,0
1301,N/A,,,N/A,0
1302,Dr. Arpana Venu,Assistant Professor Grade 1,School of Social Science and Humanities (VISH),5.00 /5,0
1303,N/A,,,N/A,0
1304,Dr. Sumesh E. P,Professor Grade 2,School of Electronics Engineering (SENSE),4.33 /5,0
1305,Dr. Naveen Kumar Ch,Assistant Professor Grade 2,School of Social Science and Humanities (VISH),2.50 /5,0
1306,N/A,,,N/A,0
1307,Dr. Phani Kumar M,Associate Professor Grade 2,School of Advanced Science (SAS),0.00 /5,0
1308,Dr. Swati Shukla,Assistant Professor Senior Grade 1,School of Electronics Engineering (SENSE),3.00 /5,0
1309,Dr. Sambhudutta Nanda,Assistant Professor Senior Grade 2,School of Electronics Engineering (SENSE),5.00 /5,0
1310,Dr Santanu Mandal,Associate Professor Senior,School of Advanced Science (SAS),0.00 /5,0
1311,Dr. Sanjit Chakraborty,Assistant Professor Senior Grade 1,School of Social Science and Humanities (VISH),1.00 /5,0
1312,Dr.Venkatrajam Marka,Associate Professor Grade 1,School of Advanced Science (SAS),5.00 /5,0
1313,Dr. M.Mahesh,Assistant Professor Senior Grade 1,School of Electronics Engineering (SENSE),0.00 /5,0
1314,Dr. Tauseef Khan,Assistant Professor Senior Grade 1,School of Computer Science and Engineering (SCOPE),3.25 /5,0
1315,Dr. Manoj Kumar Mishra,Assistant Professor Senior Grade 2,School of Advanced Science (SAS),0.00 /5,0
1316,N/A,,,N/A,0
1317,Dr Sachi Nandan Mohanty,Professor Grade 1,School of Computer Science and Engineering (SCOPE),1.00 /5,0
1318,Dr.Komandla Mahipal Reddy,Assistant Professor Senior Grade 1,School of Advanced Science (SAS),3.50 /5,0
1319,Dr. R Sinuvasan,Assistant Professor Senior Grade 1,School of Advanced Science (SAS),5.00 /5,0
1320,Dr. Bommareddy Lokesh,Assistant Professor Senior Grade 1,School of Computer Science and Engineering (SCOPE),3.50 /5,0
1321,Dr Shalini Thakur,Assistant Professor Grade 1,School of Advanced Science (SAS),4.00 /5,0
1322,Dr. Lisna PC,Assistant Professor Senior Grade 1,School of Advanced Science (SAS),2.50 /5,0
1323,Dr. Chandan Kumar Thakur,Assistant Professor Grade 1,School of Advanced Science (SAS),0.00 /5,0
1324,Dr. Surendra Reddy Vinta,Associate Professor Grade 2,School of Computer Science and Engineering (SCOPE),2.67 /5,0
1325,N/A,,,N/A,0
1326,Dr.Peeyush Singh,Assistant Professor Grade 1,School of Advanced Science (SAS),5.00 /5,0
1327,Dr. Pratik Premadarshi Ray,Assistant Professor Grade 2,School of Advanced Science (SAS),2.80 /5,0
1328,Dr. Yada Nandukumar,Assistant Professor Senior Grade 2,School of Advanced Science (SAS),3.00 /5,0
1329,Dr. Prashanth Maroju,Associate Professor Grade 1,School of Advanced Science (SAS),2.00 /5,0
1330,Dr. Ramkumar D,Assistant Professor Senior Grade 1,School of Computer Science and Engineering (SCOPE),3.00 /5,0
1331,Dr. Anupama A. P.,Assistant Professor Grade 2,School of Social Science and Humanities (VISH),4.00 /5,0
1332,Dr. Manisha Maity,Assistant Professor Grade 1,School of Advanced Science (SAS),3.67 /5,0
1333,Dr. Hemant Kumar Reddy,Professor Grade 1,School of Computer Science and Engineering (SCOPE),2.60 /5,0
1334,Dr. Mary Chandini Stephens,Emeritus Professor,School of Social Science and Humanities (VISH),0.00 /5,0
1335,Dr. Nadiminti Nagamani,Assistant Professor Grade 2,School of Advanced Science (SAS),5.00 /5,0
1336,N/A,,,N/A,0
1337,N/A,,,N/A,0
1338,Dr. Ann Mary George,Assitant Professor Grade 2,School of Social Science and Humanities (VISH),0.00 /5,0
1339,Dr. Aby Abraham,Assistant Professor Grade 2,School of Social Science and Humanities (VISH),5.00 /5,0
1340,N/A,,,N/A,0
1341,Dr. V. Raja,Assistant Professor Senior Grade 1,School of Advanced Science (SAS),2.50 /5,0
1342,Dr. Karishma Bisht,Assistant Professor Grade 1,School of Social Science and Humanities (VISH),3.50 /5,0
1343,Dr. Kankanala Srinivas,Assistant Professor Senior Grade 1,School of Electronics Engineering (SENSE),2.75 /5,0
1344,Dr. Aswathy R K,Assistant Professor Grade 2,School of Advanced Science (SAS),4.33 /5,0
1345,N/A,,,N/A,0
1346,Dr. Amar Ramesh Wayal,Assistant Professor Grade 2,School of Social Science and Humanities (VISH),3.50 /5,0
1347,Dr. Mohit Kumar,Assistant Professor Senior Grade 2,School of Electronics Engineering (SENSE),0.00 /5,0
1348,Dr. Sukanta Nayak,Assistant Professor Senior Grade 2,School of Advanced Science (SAS),2.50 /5,0
1349,Dr. Joseph Alugula,Assistant Professor Senior Grade 1,School of Social Science and Humanities (VISH),0.00 /5,0
1350,Dr.Davala Ravi Kumar,Assistant Professor Senior Grade 2,School of Advanced Science (SAS),0.00 /5,0
1351,Dr. G D V Santhosh Kumar,Assistant Professor Senior Grade 2,School of Electronics Engineering (SENSE),3.00 /5,0
1352,Dr.N.Rajasekhar,Assistant Professor Grade 2,School of Advanced Science (SAS),3.00 /5,0
1353,Dr. Nagarjuna Neella,"Head, Dept. of Physics, Assistant Professor Senior Grade 1",School of Advanced Science (SAS),4.67 /5,0
1354,Dr. Rafael Gonzalez Macho,Associate Professor Grade 1,School of Social Science and Humanities (VISH),0.00 /5,0
1355,Dr. M Venkata Rajanikanth,"Associate Dean, SAS, Associate Professor Grade 2",School of Advanced Science (SAS),0.00 /5,0
1356,Dr.Anupriya Elumalai,Professor Grade 1,School of Computer Science and Engineering (SCOPE),0.00 /5,0
1357,Dr. Illa Ramakanth,"Head, Dept. of Chemistry, Associate Professor Senior",School of Advanced Science (SAS),3.00 /5,0
1358,Dr. Hanumantharao Bitra,Assistant Professor Senior Grade 1,School of Electronics Engineering (SENSE),0.00 /5,0
1359,Dr. Aswathy M,Assistant Professor Grade 1,School of Social Science and Humanities (VISH),0.00 /5,0
1360,Dr. Neethu P Antony,Assistant Professor Grade 1,School of Social Science and Humanities (VISH),5.00 /5,0
1361,Dr. Avadhesh Kumar,Assistant Professor Grade 2,School of Advanced Science (SAS),0.00 /5,0
1362,Dr. Kalapraveen Bagadi,Associate Professor Senior,School of Electronics Engineering (SENSE),0.00 /5,0
1363,Dr. Francis P,Assistant Professor Senior Grade 1,School of Advanced Science (SAS),0.00 /5,0
1364,Dr. Anjitha Gopi,Assistant Professor Grade 1,School of Social Science and Humanities (VISH),4.60 /5,0
1365,N/A,,,N/A,0
1366,Dr. Roopas Kiran Sirugudu,Associate Professor Senior,School of Advanced Science (SAS),3.00 /5,0
1367,Dr. Debakanta Tripathy,Assistant Professor Senior Grade 1,School of Advanced Science (SAS),2.50 /5,0
1368,N/A,,,N/A,0
1369,N/A,,,N/A,0
1370,Dr. Pratheep Kumar,Associate Professor Grade 1,School of Advanced Science (SAS),0.00 /5,0
1371,N/A,,,N/A,0
1372,Dr. J Sudagar,Associate Professor Senior,School of Advanced Science (SAS),0.00 /5,0
1373,Dr. Anurag De,Assistant Professor Senior Grade 1,School of Computer Science and Engineering (SCOPE),2.00 /5,0
1374,Dr. Tufan Ghosh,Assistant Professor Senior Grade 2,School of Advanced Science (SAS),3.00 /5,0
1375,Dr. N Madhusudhana Rao,"Dean, Academics, Professor HAG",School of Advanced Science (SAS),0.00 /5,0
1376,Dr. Chalasani Rajesh,Associate Professor Grade 1,School of Advanced Science (SAS),0.00 /5,0
1377,Dr. Amrita Purakayastha,Assistant Professor Grade 1,School of Social Science and Humanities (VISH),0.00 /5,0
1378,Dr. Sabeel M Basheer,Assistant Professor Senior Grade 2,School of Advanced Science (SAS),3.00 /5,0
1379,Dr Lakshmi Sowjanya Pali,Assistant Professor Senior Grade 1,School of Advanced Science (SAS),3.00 /5,0
1380,Dr. Archana Tiwari,Assistant Professor Grade I,School of Advanced Science (SAS),5.00 /5,0
1381,Dr. Ritambhara Sharma,Assistant Professor Senior Grade 1,School of Advanced Science (SAS),3.75 /5,0
1382,Dr. Naveen Kumar Ranjan,Assistant Professor Grade 1,School of Social Science and Humanities (VISH),0.00 /5,0
1383,Dr.  Visalakshi Annepu,Assistant Professor Senior Grade1,School of Computer Science and Engineering (SCOPE),3.00 /5,0
1384,Dr. Khadheer Pasha Sk,Associate Professor Senior,School of Advanced Science (SAS),0.00 /5,0
1385,Dr. Dripta De Joarder,Associate Professor Grade 1,School of Advanced Science (SAS),0.00 /5,0
1386,Dr. Paramasivam R,Professor Grade 1,School of Advanced Science (SAS),1.00 /5,0
1387,Dr. Suma Kamalesh Gandhimathi,Associate Professor Grade 1,School of Computer Science and Engineering (SCOPE),5.00 /5,0
1388,Dr. Sunil Khosla,Assistant Professor Grade 1,School of Social Science and Humanities (VISH),0.00 /5,0
1389,N/A,,,N/A,0
1390,Dr. Kingshuk Sarkar,Assistant Professor Garde 2,School of Advanced Science (SAS),3.00 /5,0
1391,Dr. Linet Thomas,Assistant Professor Grade 2,School of Social Science and Humanities (VISH),5.00 /5,0
1392,Dr. Varunkumar Merugu,Assistant Professor Senior Grade 1,School of Advanced Science (SAS),0.00 /5,0
1393,Dr. Deepanjan. K,Assistant Professor Grade 2,School of Social Science and Humanities (VISH),0.00 /5,0
1394,Dr. Selvakumar Karuthapandi,Associate Professor Senior,School of Advanced Science (SAS),3.00 /5,0
1395,Dr. Triveni Rajashekhar Mandlimath,Assistant Professor Senior Grade 2,School of Advanced Science (SAS),5.00 /5,0
1396,Dr. V R K Murty,Emeritus professor,School of Advanced Science (SAS),0.00 /5,0
1397,Dr. B.V.Gokulnath,Assistant Professor Senior Grade 1,School of Computer Science and Engineering (SCOPE),0.00 /5,0
1398,Dr. Sanziou Boro,Assistant Professor Senior Grade 2,School of Social Science and Humanities (VISH),3.88 /5,0
1399,Dr. Debajit Goswami,Associate Professor Senior,School of Advanced Science (SAS),5.00 /5,0
1400,Dr. Kotnana Ganesh,Assistant Professor Grade 1,School of Advanced Science (SAS),0.00 /5,0
1401,Dr. Manmadha Rao Banki,Associate Professor Grade 1,School of Advanced Science (SAS),5.00 /5,0
1402,Dr.Chintakindi Balaram Murthy,Assistant Professor Senior Grade 1,School of Computer Science and Engineering (SCOPE),1.00 /5,0
1403,Dr. Soumyakanta Prusty,Assistant Professor Senior Grade 2,School of Advanced Science (SAS),0.00 /5,0
1404,Dr. Ashraf Pulikkamath,Assistant Professor Grade 1,School of Social Science and Humanities (VISH),0.00 /5,0
1405,Dr. Nandam Ashok,Associate Professor Grade 1,School of Advanced Science (SAS),5.00 /5,0
1406,Dr.Karunakar Perumandla,Assistant Professor Senior Grade 1,School of Advanced Science (SAS),0.00 /5,0
1407,Dr. K Senthil,Professor Grade 2,School of Advanced Science (SAS),5.00 /5,0
1408,Dr. Nallamuthu S,Assistant Professor Senior Grade 1,School of Advanced Science (SAS),2.00 /5,0
1409,Dr. Naresh Sammeta,Assistant Professor Senior Grade 1,School of Computer Science and Engineering (SCOPE),1.00 /5,0
1410,Dr .Prabhakaran Thandapani,Associate Professor Grade 1,School of Advanced Science (SAS),5.00 /5,0
1411,Dr. Debosmita Biswas,Assistant Professor Senior Grade 1,School of Social Science and Humanities (VISH),5.00 /5,0
1412,Dr. Virendra Kumar Verma,Associate Professor Grade 2,School of Advanced Science (SAS),5.00 /5,0
1413,Dr. D.Santha Devi,Assistant Professor Senior Grade 1,School of Computer Science and Engineering (SCOPE),3.00 /5,0
1414,Dr. Ritu Varghese,Assistant Professor Grade 1,School of Social Science and Humanities (VISH),2.67 /5,0
1415,Dr. V V Sreenivasu M,Assistant Professor Senior Grade 1,School of Advanced Science (SAS),3.75 /5,0
1416,N/A,,,N/A,0
1417,Dr. Ganesh Kotagiri,Assistant Professor Senior Grade 2,School of Advanced Science (SAS),2.00 /5,0
1418,Dr. Narendra Nath Dutta,Assistant Professor Senior Grade 1,School of Advanced Science (SAS),3.00 /5,0
1419,Dr. Tanmoy Das,Assistant Professor Grade 1,School of Social Science and Humanities (VISH),0.00 /5,0
1420,N/A,,,N/A,0
1421,Dr. S Dasaradha Rama Rao,Assistant Professor Senior Grade 1,School of Advanced Science (SAS),4.00 /5,0
1422,Dr. Gaurav Sonik,Assistant Professor Grade 1,School of Social Science and Humanities (VISH),2.50 /5,0
1423,Dr. M.Muneeswaran,Assistant Professor Senior Grade 2,School of Advanced Science (SAS),5.00 /5,0
1424,N/A,,,N/A,0
1425,Dr. C Siva Kumar Reddy,Assistant Professor Senior Grade 2,School of Advanced Science (SAS),0.00 /5,0
1426,Dr. Arun Kumar Yadav,Assistant Professor Grade 1,School of Advanced Science (SAS),1.00 /5,0
1427,Dr. Abdul Raffie Naik,Assistant Professor Senior Grade 1,School of Social Science and Humanities (VISH),0.00 /5,0
1428,Dr. Sudharshan Vadnala,Assistant Professor Senior Grade 2,School of Advanced Science (SAS),5.00 /5,0
1429,N/A,,,N/A,0
1430,Dr. Pragnya Parimita Chayani,Assistant Professor Grade 1,School of Social Science and Humanities (VISH),0.00 /5,0
1431,Dr. Sachil Sharma,Associate Professor Grade 1,School of Advanced Science (SAS),3.00 /5,0
1432,Dr.Piu Kundu,Assistant Professor Research,School of Advanced Science (SAS),5.00 /5,0
1433,Dr. Jabeen Yasmeen,Assistant Professor Grade 1,School of Social Science and Humanities (VISH),3.00 /5,0
1434,N/A,,,N/A,0
1435,Dr. Rajarshi Sarkar,Associate Professor Grade 1,School of Advanced Science (SAS),4.50 /5,0
1436,Dr. Venkata Bhikshapathi Chenam,Assistant Professor Senior Grade 1,School of Computer Science and Engineering (SCOPE),0.00 /5,0
1437,Dr. Bibhab Bandhu Majumdar,Assistant Professor Grade 2,School of Advanced Science (SAS),0.00 /5,0
1438,Dr. Suresh Garimella,Assistant Professor Grade 2,School of Social Science and Humanities (VISH),0.00 /5,0
1439,Dr. Soumen Kundu,Assistant Professor Senior Grade 1,School of Advanced Science (SAS),5.00 /5,0
1440,Dr.Faizan Danish,Assistant Professor Senior Grade 1,School of Advanced Science (SAS),0.00 /5,0
1441,Dr. Suresh Dara,Professor Grade 1,School of Computer Science and Engineering (SCOPE),3.67 /5,0
1442,Dr. Manimaran,Assistant Professor Senior Grade 2,School of Advanced Science (SAS),0.00 /5,0
1443,Dr.Arunkumar Sivakumar,"Dean –In Charge, VSB, Associate Professor Senior",School of Business (VSB),1.00 /5,0
1444,Dr. Vasili B V Nagarjuna,Assistant professor Grade 1,School of Advanced Science (SAS),0.00 /5,0
1445,Dr. Mohan Allam,Assistant Professor Senior Grade 2,School of Computer Science and Engineering (SCOPE),0.00 /5,0
1446,Dr. Raghavendra,"Associate Dean, VSB, Professor Grade 2 ",School of Business (VSB),3.00 /5,0
1447,Dr. Ramesh A,Assistant  Professor Grade 2,School of Advanced Science (SAS),5.00 /5,0
1448,Dr. Pokuri Srinivasa Rao,Assistant professor senior Grade 1,School of Computer Science and Engineering (SCOPE),0.00 /5,0
1449,Dr. Moru Satyanarayana,Assistant Professor Senior Grade 2,School of Advanced Science (SAS),3.50 /5,0
1450,Dr. Devulapalli Sudheer,Assistant Professor senior grade 1,School of Computer Science and Engineering (SCOPE),5.00 /5,0
1451,Dr. Koduru Hajarathaiah,Assistant Professor Senior Grade 1,School of Computer Science and Engineering (SCOPE),3.50 /5,0
1452,N/A,,,N/A,0
1453,Dr. V.Sri Lakshmi,Assistant Professor Senior Grade 1,School of Computer Science and Engineering (SCOPE),0.00 /5,0
1454,Dr. K. Panduranga,Assistant Professor Grade 1,School of Advanced Science (SAS),5.00 /5,0
1455,Dr. Sandhya Sadanandan,Assistant Professor Senior Grade 1,School of Advanced Science (SAS),4.00 /5,0
1456,Dr. Naga Prasad Puvvada,Associate Professor Grade 1,School of Advanced Science (SAS),5.00 /5,0
1457,Dr. Aastha Madonna Sathe,Assistant Professor Grade 1,School of Advanced Science (SAS),4.50 /5,0
1458,Dr. T Ramana,Associate Professor Grade 1,School of Advanced Science (SAS),0.00 /5,0
1459,N/A,,,N/A,0
1460,Dr. Muthu Prabhu S,Assistant Professor Senior Grade 2,School of Advanced Science (SAS),0.00 /5,0
1461,Dr. Usha Seshadri,Associate Professor Grade 1,School of Business (VSB),0.00 /5,0
1462,Dr. Rajashree Naik,Assistant Professor Grade 1,School of Advanced Science (SAS),0.00 /5,0
1463,Dr.Santanu Nandi,Assistant Professor Grade 2,School of Advanced Science (SAS),1.50 /5,0
1464,Dr. K.A. Asraar Ahmed,Assistant Professor Senior Grade 1,School of Business (VSB),0.00 /5,0
1465,Dr. Ramesh Prasad Panda,Assistant Professor Senior Grade 1,School of Advanced Science (SAS),3.00 /5,0
1466,Dr. Shobhit Kumar Srivastava,Assistant Professor Grade 1,School of Advanced Science (SAS),3.00 /5,0
1467,Dr. U M Gopal Krishna,Assistant Professor Grade 2,School of Business (VSB),0.00 /5,0
1468,Dr. Gokulnath,Assistant Professor Grade 1,School of Advanced Science (SAS),3.00 /5,0
1469,Dr. Satyendra Singh Chauhan,Assistant Professor Grade 2,School of Advanced Science (SAS),5.00 /5,0
1470,Dr. Mohd Abdul Muqeet Maaz,Assistant Professor Grade 2,School of Business (VSB),0.00 /5,0
1471,Dr. Subhasis Panda,Assistant Professor Grade 1,School of Advanced Science (SAS),5.00 /5,0
1472,Dr. Vanacharla Pujitha,Assistant Professor Grade 1,School of Advanced Science (SAS),1.00 /5,0
1473,Dr. Madhusmita Mohanty,Assistant Professor Senior Grade 2,School of Business (VSB),0.00 /5,0
1474,N/A,,,N/A,0
1475,N/A,,,N/A,0
1476,N/A,,,N/A,0
1477,N/A,,,N/A,0
1478,Dr. Kashif Beg,Assistant Professor Senior Grade 1,School of Business (VSB),1.00 /5,0
1479,N/A,,,N/A,0
1480,Dr. G.Siva,Assistant Professor Grade 1,School of Advanced Science (SAS),0.00 /5,0
1481,N/A,,,N/A,0
1482,N/A,,,N/A,0
1483,Dr. Pradip.R.Patle,Assistant Professor Grade 2,School of Advanced Science (SAS),0.00 /5,0
1484,Dr.Shaiku Shahida Saheb,Associate Professor Grade 2,School of Business (VSB),1.00 /5,0
1485,N/A,,,N/A,0
1486,N/A,,,N/A,0
1487,Dr. Kottu Durga Prasad,Assistant Professor Grade 2,School of Advanced Science (SAS),4.00 /5,0
1488,Dr. Prashant Patel,Assistant Professor Grade 1,School of Advanced Science (SAS),2.50 /5,0
1489,Dr Navaneethakrishnan K,Assistant Professor Grade 1,School of Business (VSB),0.00 /5,0
1490,Dr Senthamizhselvi A,Assistant Professor Grade 1,School of Business (VSB),5.00 /5,0
1491,Dr. Sonali Kaushik,Assistant Professor Grade 1,School of Advanced Science (SAS),1.67 /5,0
1492,Dr. G. Soma Sekhar,Associate Professor Grade 1,School of Business (VSB),5.00 /5,0
1493,Dr. Umer Mushtaq Lone,Assistant Professor Grade 1,School of Business (VSB),3.00 /5,0
1494,Dr.N.Prabhakar,Assistant Professor Senior Grade 1,School of Business (VSB),0.00 /5,0
1495,Dr. Chiranjeev Kumar Shahu,Assistant Professor Grade 1,School of Advanced Science (SAS),0.00 /5,0
1496,Dr. Nimai Sarkar,Assistant Professor Grade 1,School of Advanced Science (SAS),3.60 /5,0
1497,N/A,,,N/A,0
1498,Dr. Ravi Kumar Bandaru,Associate Professor Senior,School of Advanced Science (SAS),0.00 /5,0
1499,Dr. Anshul Gopal,Assistant Professor Grade 2,School of Advanced Science (SAS),0.00 /5,0
1500,Dr.Dibyendu Sekhar Mandal,Assistant Professor Grade 2,School of Advanced Science (SAS),0.00 /5,0
1501,Dr. Prakash S,Assistant Professor Grade 1,School of Advanced Science (SAS),2.50 /5,0
1502,Dr. Soumik Sarkar,Assistant Professor Grade 1,School of Social Science and Humanities (VISH),5.00 /5,0
1503,Dr. Umakanta Nanda,"Dean, SENSE, Professor Grade 1",School of Electronics Engineering (SENSE),0.00 /5,0
1504,N/A,,,N/A,0
1505,N/A,,,N/A,0
1506,Dr. Sunkara Kalyani,Assistant Professor Senior Grade 1,School of Computer Science and Engineering (SCOPE),0.00 /5,0
1507,Dr. D. Kothandaraman,Associate Professor Grade 2,School of Computer Science and Engineering (SCOPE),3.00 /5,0
1508,Dr.Kailash Chandra Mishra,Assistant Professor Senior Grade 1,School of Computer Science and Engineering (SCOPE),3.00 /5,0
1509,Dr. Satyanarayana Badeti,Associate Professor Grade 1,School of Advanced Science (SAS),3.00 /5,0
1510,Dr.Priyanka Singh,Assistant Professor Senior Grade 1,School of Computer Science and Engineering (SCOPE),5.00 /5,0
1511,N/A,,,N/A,0
1512,N/A,,,N/A,0
1513,Dr. Shirin Naresh Patil,Assistant Professor Senior Grade 1,School of Mechanical Engineering (SMEC),1.00 /5,0
1514,Dr. S. Bharath Bhushan,Associate Professor Grade 1,School of Computer Science and Engineering (SCOPE),0.00 /5,0
1515,Dr. Pema Choden Bhutia,Assistant Professor Grade 1,School of Social Science and Humanities (VISH),0.00 /5,0
1516,Dr. Girish Kumar Mekala,Associate Professor Grade 1,School of Electronics Engineering (SENSE),2.80 /5,0
1517,Dr. Kosuri Yellareswararao,Assistant Professor Senior Grade 2,School of Advanced Science (SAS),5.00 /5,0
1518,Dr. Mo Faheem,Assistant Professor Grade 1,School of Advanced Science (SAS),1.00 /5,0
1519,Dr. Yepuganti Karuna,Associate Professor Grade 1,School of Electronics Engineering (SENSE),3.75 /5,0
1520,Dr. Posham Uppamma,Assistant Professor Senior Grade 1,School of Computer Science and Engineering (SCOPE),0.00 /5,0
1521,Dr. Riya,Assistant Professor Grade 1,School of Advanced Science (SAS),3.00 /5,0
1522,Dr. Bensha C. Shaji,Assistant Professor Senior Grade 1,School of Law (VSL),0.00 /5,0
1523,Dr. Farooq Ahmad Mir,Assistant Professor Grade 2,School of Social Science and Humanities (VISH),3.50 /5,0
1524,Ms. Nidhi Nair,Assistant Professor Grade 1,School of Law (VSL),0.00 /5,0
1525,Dr. Rajan Deorao Lanjekar,Associate Professor Grade 1,School of Mechanical Engineering (SMEC),2.33 /5,0
1526,N/A,,,N/A,0
1527,Dr. Bandaru Ramakrishna,Associate Professor Grade 2,School of Electronics Engineering (SENSE),3.75 /5,0
1528,Dr. Moumita Saha,Assistant Professor Senior Grade 1,School of Electronics Engineering (SENSE),3.50 /5,0
1529,Dr. Shazia Sabir,Assistant Professor Grade 1,School of Advanced Science (SAS),5.00 /5,0
1530,Dr. S. V. Gomathi,Assistant Professor Grade 1,School of Advanced Science (SAS),5.00 /5,0
1531,Dr. Dwarasala Adilakshmi,Assistant Professor Senior Grade 1,School of Advanced Science (SAS),5.00 /5,0
1532,Dr. Amrendra Singh Gill,Assistant Professor Grade 2,School of Advanced Science (SAS),3.00 /5,0
1533,Mr. Sidhant Gupta,Assistant Professor Grade 1,School of Law (VSL),0.00 /5,0
1534,N/A,,,N/A,0
1535,Dr. Gokul Yenduri,Assistant Professor Sr Grade 1,School of Computer Science and Engineering (SCOPE),0.00 /5,0
1536,Dr. T Rama Thulasi,Assistant Professor Senior Grade 1,School of Computer Science and Engineering (SCOPE),0.00 /5,0
1537,Dr. Naresh Babu Muddhangala,Assistant Professor Senior Grade 2,School of Business (VSB),0.00 /5,0
1538,N/A,,,N/A,0
1539,Dr. Vishnu V,Assistant Professor Grade 1,School of Social Science and Humanities (VISH),0.00 /5,0
1540,N/A,,,N/A,0
1541,Dr. Satri Veera Kesalu,Associate Professor Grade 1,School of Social Science and Humanities (VISH),0.00 /5,0
1542,Dr. Kritika Bansal,Assistant Professor Senior Grade 1,School of Electronics Engineering (SENSE),4.00 /5,0
1543,Dr. Sane Umesh Reddy,Assistant Professor Grade 1,School of Advanced Science (SAS),0.00 /5,0
1544,N/A,,,N/A,0
1545,Mr. Gundimeda Venugopal,Professor of Practice,School of Computer Science and Engineering (SCOPE),0.00 /5,0
1546,Dr. SK Ashadul Rahaman,Assistant Professor Grade 1,School of Advanced Science (SAS),2.67 /5,0
1547,N/A,,,N/A,0
1548,Dr. Anindita Roy,Assistant Professor Grade 1,School of Social Science and Humanities (VISH),5.00 /5,0
1549,Dr. Ganesh M,Assistant Professor Grade 1,School of Social Science and Humanities (VISH),0.00 /5,0
1550,Dr. Edara Sreenivasa Reddy,Professor HAG,School of Computer Science and Engineering (SCOPE),0.00 /5,0
1551,Mr. Sanal Kumar T S,Assistant Professor,School of Computer Science and Engineering (SCOPE),3.00 /5,0
1552,Ms. Srirupa Poddar,Assistant Professor,School of Social Science and Humanities (VISH),3.00 /5,0
1553,Dr. Shalini Ramanathan,Assistant Professor Senior Grade 1,School of Computer Science and Engineering (SCOPE),0.00 /5,0
1554,Ms. Monika. A,Assistant Professor,School of Computer Science and Engineering (SCOPE),0.00 /5,0
1555,Dr. Mohinder Singh. B,Assistant Professor Senior Grade 1,School of Computer Science and Engineering (SCOPE),5.00 /5,0
1556,Dr. Rini Singh,Assistant Professor Grade 1,School of Social Science and Humanities (VISH),0.00 /5,0
1557,Dr. Kavikumar. R,Assistant Professor Senior Grade 1,School of Advanced Science (SAS),0.00 /5,0
1558,Dr. Narendra Kumar,Assistant Professor Grade 2,School of Advanced Science (SAS),1.00 /5,0
1559,Dr. Rajkumar Yesuraj,Assistant Professor Senior Grade 1,School of Computer Science and Engineering (SCOPE),3.00 /5,0
1560,Dr. D. Paul Joseph,Assistant Professor Senior Grade 1,School of Computer Science and Engineering (SCOPE),2.00 /5,0
1561,N/A,,,N/A,0
1562,Dr. Adla Padma,Assistant Professor Senior Grade 1,School of Computer Science and Engineering (SCOPE),5.00 /5,0
1563,Dr. Amgothu Shanthi,Assistant Professor Senior Grade 1,School of Computer Science and Engineering (SCOPE),0.00 /5,0
1564,Dr. Subhankar Sil,Assistant Professor Grade 2,School of Advanced Science (SAS),4.67 /5,0
1565,N/A,,,N/A,0
1566,Dr. Jyotsna Sharma,Assistant Professor Grade 1,School of Advanced Science (SAS),3.50 /5,0
1567,Dr. Shalini Subramani,Assistant Professor Senior Grade 1,School of Computer Science and Engineering (SCOPE),0.00 /5,0
1568,Dr. Ronali Madhusmita Sahoo,Assistant Professor Grade 1,School of Advanced Science (SAS),0.00 /5,0
1569,Dr. Pujari Jeevana Jyothi,Assistant Professor Senior Grade 2,School of Computer Science and Engineering (SCOPE),0.00 /5,0
1570,Dr. Ngangbam Indrason,Assistant Professor Senior Grade 1,School of Computer Science and Engineering (SCOPE),3.00 /5,0
1571,Dr. Madala Guru Brahmam,Assistant Professor Senior Grade 1,School of Computer Science and Engineering (SCOPE),0.00 /5,0
1572,Dr. K Aravind,Assistant Professor Senior Grade 1,School of Computer Science and Engineering (SCOPE),5.00 /5,0
1573,Dr. K Kinjari,Assistant Professor Grade 1,School of Social Science and Humanities (VISH),0.00 /5,0
1574,Dr. Monalisa Sahu,Assistant Professor Senior Grade 1,School of Computer Science and Engineering (SCOPE),0.00 /5,0
1575,Dr. Ravi Kumar Poluru,Assistant Professor Senior Grade 2,School of Computer Science and Engineering (SCOPE),3.67 /5,0
1576,Dr. Renita R,Assistant Professor Senior Grade 1,School of Computer Science and Engineering (SCOPE),0.00 /5,0
1577,Ms. Yarlagadda Siva Reshma,Assistant Professor Junior,School of Computer Science and Engineering (SCOPE),3.67 /5,0
1578,N/A,,,N/A,0
1579,Dr. Allapati Rajya Lakshmi,Assistant Professor Senior Grade 1,School of Computer Science and Engineering (SCOPE),3.75 /5,0
1580,Dr. Jayashree Pradhan,Assistant Professor Senior Grade 1,School of Electronics Engineering (SENSE),0.00 /5,0
1581,Mr. Kandru Lakshmi Sai Praneeth,Assistant Professor Junior,School of Computer Science and Engineering (SCOPE),0.00 /5,0
1582,Dr. Anil Kumar Nayak,Assistant Professor Senior Grade 2,School of Electronics Engineering (SENSE),0.00 /5,0
1583,Dr. Yallanti Sowjanya Kumari,Associate Professor Grade 1,School of Computer Science and Engineering (SCOPE),0.00 /5,0
1584,Dr. Ankur Pandey,Assistant Professor Senior Grade 1,School of Electronics Engineering (SENSE),0.00 /5,0
1585,Dr. Pamulapati Ashok Reddy,Associate Professor Grade 2,School of Computer Science and Engineering (SCOPE),3.00 /5,0
1586,Dr. Annapureddy V N Reddy,Assistant Professor Senior Grade 2,School of Computer Science and Engineering (SCOPE),0.00 /5,0
1587,Dr. Gayathri Dhara,Assistant Professor Senior Grade 1,School of Computer Science and Engineering (SCOPE),4.00 /5,0
1588,Dr. Neha Kumari,Assistant Professor Grade 1,School of Social Science and Humanities (VISH),0.00 /5,0
1589,Mr. Madugula Kiran Kumar,Assistant Professor Junior,School of Computer Science and Engineering (SCOPE),0.00 /5,0
1590,Dr. Balusa Bhanu Chander,Associate Professor Grade 1,School of Computer Science and Engineering (SCOPE),0.00 /5,0
1591,Ms. Pechetti Mounika,Assistant Professor Junior,School of Computer Science and Engineering (SCOPE),0.00 /5,0
1592,Dr. Palacharla Ravi Kumar,Assistant Professor Senior Grade 2,School of Computer Science and Engineering (SCOPE),5.00 /5,0
1593,Mr. Burla Nagaraju,Assistant Professor Junior,School of Computer Science and Engineering (SCOPE),5.00 /5,0
1594,Dr. N Lakshmipathi Anantha,Associate Professor Grade 1,School of Computer Science and Engineering (SCOPE),5.00 /5,0
1595,Dr. Guruprakash Jayabalasamy,Assistant Professor Senior Grade 2,School of Computer Science and Engineering (SCOPE),0.00 /5,0
1596,Dr. Maheshuni Sankush Krishna,Assistant Professor Senior Grade 1,School of Electronics Engineering (SENSE),0.00 /5,0
1597,Dr. Lakshminarayana Janjanam,Assistant Professor Senior Grade 1,School of Electronics Engineering (SENSE),0.00 /5,0
1598,Ms. Mannepuli Srujana,Assistant Professor Junior,School of Computer Science and Engineering (SCOPE),0.00 /5,0
1599,Dr. Battula Venkata Satish Babu,Assistant Professor Senior Grade 1,School of Computer Science and Engineering (SCOPE),5.00 /5,0
1600,Dr. Shaik Subhani,Associate Professor Grade 1,School of Computer Science and Engineering (SCOPE),0.00 /5,0
1601,Mr. Jayanta Pratihar,Assistant Professor,School of Computer Science and Engineering (SCOPE),3.00 /5,0
1602,Dr. Susmita Mahato,Assistant Professor Senior Grade 2,School of Advanced Science (SAS),3.00 /5,0
1603,Ms. Paidipogu Sowjanya,Assistant Professor Junior,School of Computer Science and Engineering (SCOPE),5.00 /5,0
1604,Dr. Shajan Joseph,Assistant Professor Senior Grade 2,School of Advanced Science (SAS),0.00 /5,0
1605,Dr. Karrothu Aravind,Assistant Professor Senior Grade 2,School of Computer Science and Engineering (SCOPE),5.00 /5,0
1606,Dr. Samuka Mohanty,Assistant Professor Senior Grade 1,School of Computer Science and Engineering (SCOPE),0.00 /5,0
1607,N/A,,,N/A,0
1608,Dr. Kommerla Siva Kumar,Assistant Professor Senior Grade 2,School of Computer Science and Engineering (SCOPE),0.00 /5,0
1609,Dr. S Satheesh Kumar,Associate Professor Grade 1,School of Electronics Engineering (SENSE),0.00 /5,0
1610,Dr. Krishna Nair J,Assistant Professor Grade 1,School of Social Science and Humanities (VISH),0.00 /5,0
1611,Dr. Aruru Sai Kumar,Assistant Professor Senior Grade 2,School of Electronics Engineering (SENSE),3.00 /5,0
1612,Dr. Vivek Upadhyaya,Assistant Professor Senior Grade 2,School of Electronics Engineering (SENSE),3.00 /5,0
1613,Dr. Sajad Nabi Dar,Assistant Professor Senior Grade 2,School of Social Science and Humanities (VISH),0.00 /5,0
1614,Dr. Swatilekha Sen,Assistant Professor  Grade 2,School of Social Science and Humanities (VISH),0.00 /5,0
1615,Dr. Varunkumar Anantharaman,Associate Professor Grade 1,School of Computer Science and Engineering (SCOPE),0.00 /5,0
1616,Dr. Akshay Kumar,Assistant Professor Grade 1,School of Advanced Science (SAS),3.00 /5,0
1617,Dr. Rajasekhar Boddu,Assistant Professor Senior Grade 1,School of Computer Science and Engineering (SCOPE),0.00 /5,0
1618,Dr. Ishfaq Ahmad Thaku,Associate Professor Grade 1,School of Business (VSB),0.00 /5,0
1619,N/A,,,N/A,0
1620,Dr. Prachi Jain,Assistant Professor Grade 1,School of Advanced Science (SAS),0.00 /5,0
1621,Dr. Parul Saini,Assistant Professor Grade 1,School of Advanced Science (SAS),2.00 /5,0
1622,Dr. Nihar Ranjan Nayak,Assistant Professor Senior Grade 1,School of Advanced Science (SAS),3.00 /5,0
1623,Dr. Reddimala Naresh,Assistant Professor Grade 1,School of Advanced Science (SAS),0.00 /5,0
1624,Dr. Ansumalini Panda,Assistant Professor Senior Grade 1,School of Business (VSB),0.00 /5,0
1625,N/A,,,N/A,0
1626,Dr. Raja Solanki,Assistant Professor Grade 1,School of Advanced Science (SAS),0.00 /5,0
1627,Dr. Vivek Shukla,Assistant Professor Grade 2,School of Advanced Science (SAS),0.00 /5,0
1628,Mr. Talha Umar,Assistant Professor,School of Advanced Science (SAS),0.00 /5,0
1629,Dr. Koteswara Rao Gorantla,Assistant Professor Grade 2,School of Advanced Science (SAS),0.00 /5,0
1630,Dr. Abhik Digar,Assistant Professor Grade 2,School of Advanced Science (SAS),0.00 /5,0
1631,Dr. Yelepi Usha Rani,Associate Professor Grade 1,School of Computer Science and Engineering (SCOPE),0.00 /5,0
1632,Dr. Himanshu Verma,Assistant Professor Grade 1,School of Advanced Science (SAS),0.00 /5,0
1633,Dr. Ganji Tejasree,Assistant Professor Senior Grade 1,School of Computer Science and Engineering (SCOPE),0.00 /5,0
1634,Dr. Saikat Roy,Assistant Professor Grade 2,School of Advanced Science (SAS),2.75 /5,0
1635,Dr. Manas Ranjan Dash,Associate Professor Grade 1,School of Advanced Science (SAS),0.00 /5,0
1636,Dr. Jyotirmoy Roy,Assistant Professor Grade 2,School of Advanced Science (SAS),0.00 /5,0
1637,Dr. Santanu Dey,Assistant Professor Grade 1,School of Advanced Science (SAS),0.00 /5,0
1638,Dr. Srabani Chakraborty,Assistant Professor Grade 2,School of Social Science and Humanities (VISH),5.00 /5,0
1639,Dr. Bileesh P Babu,Assistant Professor Senior Grade 1,School of Computer Science and Engineering (SCOPE),0.00 /5,0
1640,Dr. Dasari Sandeep,Assistant Professor Senior Grade 1,School of Computer Science and Engineering (SCOPE),3.00 /5,0
1641,Dr. Saroja Kumar Rout,Associate Professor Grade 2,School of Computer Science and Engineering (SCOPE),5.00 /5,0
1642,Ms. Monika Srivastava,Assistant Professor,School of Social Science and Humanities (VISH),0.00 /5,0
1643,N/A,,,N/A,0
1644,Dr. Santi Ranjan Das,Assistant Professor Grade 2,School of Advanced Science (SAS),0.00 /5,0
1645,Dr. Keerthi Jain Kushal Jain,Assistant Professor Grade 1,School of Business (VSB),0.00 /5,0
1646,Dr. Banoth Veeranna,Assistant Professor Grade 1,School of Advanced Science (SAS),0.00 /5,0
1647,Dr. Debgopal Sahoo,Assistant Professor Grade 1,School of Advanced Science (SAS),5.00 /5,0
1648,Mr. Vadithe Rakesh Naik,Assistant Professor,School of Business (VSB),0.00 /5,0
1649,Dr. Suman Das,Assistant Professor Grade 1,School of Business (VSB),0.00 /5,0
1650,Dr. Vinay Kumar,Assistant Professor Grade 1,School of Advanced Science (SAS),0.00 /5,0
1651,Dr. Srikanth Busa,Associate Professor Grade 2,School of Computer Science and Engineering (SCOPE),0.00 /5,0
1652,Dr. Debasis Dwibedy,Assistant Professor Senior Grade 2,School of Computer Science and Engineering (SCOPE),5.00 /5,0
1653,Dr. Shubhadeep Pal,Assistant Professor Senior Grade 1,School of Advanced Science (SAS),3.00 /5,0
1654,Dr. Tata Gayathri,Assistant Professor Senior Grade 2,School of Computer Science and Engineering (SCOPE),3.25 /5,0
1655,Dr. Saronath Halder,Assistant Professor Senior Grade 1,School of Advanced Science (SAS),0.00 /5,0
1656,Dr. Putta Durga,Assistant Professor Senior Grade 1,School of Computer Science and Engineering (SCOPE),3.00 /5,0
1657,Dr. Chattu Kannaiah,Assistant Professor Senior Grade 1,School of Computer Science and Engineering (SCOPE),3.00 /5,0
1658,Dr. Dasari Bosu Babu,Assistant Professor Senior Grade 1,School of Advanced Science (SAS),0.00 /5,0
1659,Dr. Sangeeta Adhikari,Associate Professor Grade 1,School of Advanced Science (SAS),0.00 /5,0
1660,Dr. Shailja Jain,Assistant Professor Senior Grade 1,School of Advanced Science (SAS),0.00 /5,0
1661,Dr. Sreenish S,Assistant Professor Grade 1,School of Social Science and Humanities (VISH),0.00 /5,0
1662,Dr. Turbasu Sengupta,Assistant Professor Senior Grade 2,School of Advanced Science (SAS),0.00 /5,0
1663,Dr. Abhilash Chand,Assistant Professor Grade 1,School of Advanced Science (SAS),0.00 /5,0
1664,Dr. Arpita Devi,Assistant Professor Grade 1,School of Advanced Science (SAS),0.00 /5,0
1665,Dr. Gangadhar Pamarthi,Assistant Professor Senior Grade 1,School of Advanced Science (SAS),3.00 /5,0
1666,Dr. Mohammad Sirajuddin,Associate Professor Grade 1,School of Computer Science and Engineering (SCOPE),0.00 /5,0
1667,Dr. Rama Krishna Rongali,Assistant Professor Senior Grade 2,School of Advanced Science (SAS),5.00 /5,0
1668,Dr. Inampudi Govardhana Rao,Associate Professor Grade 1,School of Computer Science and Engineering (SCOPE),0.00 /5,0
1669,Dr. P Arulmozhivarman,Vice Chancellor (I/c),School of Electronics Engineering (SENSE),0.00 /5,0
1670,Dr. Manas Ranjan Panda,Assistant Professor Senior Grade 1,School of Advanced Science (SAS),0.00 /5,0
1671,Mr. Ritesh Ranjan,Assistant Professor,School of Social Science and Humanities (VISH),0.00 /5,0
1672,Dr. Thangam Sivanantham,Assistant Professor Senior Grade 1,School of Computer Science and Engineering (SCOPE),0.00 /5,0
1673,Dr. Mallela Siva Nagaraju,Assistant Professor Senior Grade 2,School of Computer Science and Engineering (SCOPE),0.00 /5,0
1674,Dr. Komal,Assistant Professor Grade 1,School of Advanced Science (SAS),0.00 /5,0
1675,Dr. Shaik Moinuddin Ahmed,Assistant Professor Senior Grade 1,School of Computer Science and Engineering (SCOPE),0.00 /5,0
1676,Dr. Manisha Bhadran,Assistant Professor Grade 1,School of Social Science and Humanities (VISH),3.00 /5,0
1677,Dr. Mekathoti Vamsi Kiran,Assistant Professor Senior Grade 1,School of Computer Science and Engineering (SCOPE),5.00 /5,0
1678,Dr. Venkata Sivanarayana Gayyi,Assistant Professor Senior Grade 1,School of Computer Science and Engineering (SCOPE),0.00 /5,0
1679,Dr. Madala Gargi,Assistant Professor Senior Grade 1,School of Computer Science and Engineering (SCOPE),0.00 /5,0
1680,Dr. Surjit Paul,Assistant Professor Senior Grade 1,School of Computer Science and Engineering (SCOPE),0.00 /5,0
